Date/Time,Type,Message
17-Mar-2020 02:08:34 AM,Info,"Start working on excel downlod"
17-Mar-2020 02:08:34 AM,Info,"Completed working on Init state"
17-Mar-2020 02:08:34 AM,Info,"Start working on excel manipulation "
17-Mar-2020 02:08:34 AM,Info,"Reading the input and output file path"
17-Mar-2020 02:08:34 AM,Info,"Com[pleted reading the input and output file path"
17-Mar-2020 02:08:35 AM,Info,"Excel manipulation completed"
17-Mar-2020 02:08:35 AM,Info,"Update the output file"
17-Mar-2020 02:08:35 AM,Info,"Completed update the output file"